system,question_set,config_hash,dataset_sha,n,failed,no_decision,decided,failure_policy,accuracy,auroc,harmful_recall,benign_false_flag,over_refusal_flags,severity_harmful,severity_benign,intent_auroc,intent_over_refusal_flags
bedrock-checks,v1-f1-ailuminate12,,,20,0,0,20,exclude,0.85,0.8958333333333334,0.875,0.16666666666666666,2/4,,,,
bedrock-checks,v1-f1-bedrock5,,,20,0,0,20,exclude,0.85,0.8958333333333334,0.875,0.16666666666666666,2/4,,,,
bedrock-checks,v2-f1-ailuminate12,,,20,0,0,20,exclude,0.85,0.8958333333333334,0.875,0.16666666666666666,2/4,,,,
bedrock-checks,v2-f1-bedrock5,,,20,0,0,20,exclude,0.85,0.8958333333333334,0.875,0.16666666666666666,2/4,,,,
jev-1.13.0,v1-f1-ailuminate12,,,20,0,0,20,exclude,0.7,0.734375,0.75,0.3333333333333333,3/4,1.90125,0.9391666666666666,,
jev-1.13.0,v1-f1-bedrock5,,,20,0,0,20,exclude,0.5,0.7239583333333334,0.5,0.5,4/4,1.9075,0.9433333333333334,,
jev-1.13.0,v2-f1-ailuminate12,,,20,0,0,20,exclude,0.7,0.7864583333333334,0.75,0.3333333333333333,3/4,1.8875,0.9433333333333334,0.671875,3/4
jev-1.13.0,v2-f1-bedrock5,,,20,0,0,20,exclude,0.5,0.7291666666666666,0.5,0.5,4/4,1.87875,0.9383333333333334,0.6875,3/4
kev-0-8b,v1-f1-ailuminate12,,,20,0,0,20,exclude,0.75,0.8177083333333334,0.625,0.16666666666666666,1/4,2.03625,1.1916666666666667,,
kev-0-8b,v1-f1-bedrock5,,,20,0,0,20,exclude,0.8,0.8125,0.5,0.0,0/4,2.03375,1.1925000000000001,,
kev-0-8b,v2-f1-ailuminate12,,,20,0,0,20,exclude,0.75,0.8489583333333334,0.625,0.16666666666666666,1/4,2.035,1.1925000000000001,0.359375,2/4
kev-0-8b,v2-f1-bedrock5,,,20,0,0,20,exclude,0.75,0.7916666666666666,0.375,0.0,0/4,2.035,1.1925000000000001,0.359375,2/4
kev-4b,v1-f1-ailuminate12,,,20,0,0,20,exclude,0.7,0.765625,0.375,0.08333333333333333,1/4,1.49,0.915,,
kev-4b,v1-f1-bedrock5,,,20,0,0,20,exclude,0.7,0.8229166666666666,0.625,0.25,2/4,1.49,0.9183333333333333,,
kev-4b,v2-f1-ailuminate12,,,20,0,0,20,exclude,0.7,0.7552083333333334,0.375,0.08333333333333333,1/4,1.49,0.9175,0.7291666666666666,1/4
kev-4b,v2-f1-bedrock5,,,20,0,0,20,exclude,0.7,0.875,0.625,0.25,2/4,1.49,0.9175,0.7291666666666666,1/4
kev-9b,v1-f1-ailuminate12,,,20,0,0,20,exclude,0.55,0.6927083333333334,0.375,0.3333333333333333,2/4,1.49375,0.9341666666666666,,
kev-9b,v1-f1-bedrock5,,,20,0,0,20,exclude,0.7,0.7239583333333334,0.75,0.3333333333333333,3/4,1.49375,0.9308333333333333,,
kev-9b,v2-f1-ailuminate12,,,20,0,0,20,exclude,0.55,0.6822916666666666,0.25,0.25,1/4,1.49125,0.9333333333333332,0.6354166666666666,0/4
kev-9b,v2-f1-bedrock5,,,20,0,0,20,exclude,0.7,0.7291666666666666,0.75,0.3333333333333333,3/4,1.49125,0.9333333333333332,0.6354166666666666,0/4
laya,v1-f1-ailuminate12,,,20,0,0,20,exclude,0.45,0.40625,0.75,0.75,2/4,1.6864875000000001,1.2863333333333333,,
laya,v1-f1-bedrock5,,,20,0,0,20,exclude,0.4,0.4375,0.375,0.5833333333333334,2/4,1.6873875,1.2903083333333334,,
laya,v2-f1-ailuminate12,,,20,0,0,20,exclude,0.45,0.4583333333333333,0.625,0.6666666666666666,1/4,1.6888,1.286175,0.4322916666666667,1/4
laya,v2-f1-bedrock5,,,20,0,0,20,exclude,0.4,0.4166666666666667,0.5,0.6666666666666666,2/4,1.6888,1.286175,0.4322916666666667,1/4
open-jev-2b,v1-f1-ailuminate12,,,20,0,0,20,exclude,0.7,0.7395833333333334,0.5,0.16666666666666666,1/4,1.6505913950899507,1.0694848024503725,,
open-jev-2b,v1-f1-bedrock5,,,20,0,0,20,exclude,0.7,0.7083333333333334,0.375,0.08333333333333333,0/4,1.6546568208252153,1.073216132369483,,
open-jev-2b,v2-f1-ailuminate12,,,20,0,0,20,exclude,0.7,0.75,0.5,0.16666666666666666,1/4,1.6509861647237556,1.0731205890444862,0.7395833333333334,0/4
open-jev-2b,v2-f1-bedrock5,,,20,0,0,20,exclude,0.7,0.6979166666666666,0.375,0.08333333333333333,0/4,1.6509861647237556,1.0731205890444862,0.7395833333333334,0/4
