system,question_set,config_hash,dataset_sha,n,failed,no_decision,decided,failure_policy,accuracy,auroc,harmful_recall,benign_false_flag,over_refusal_flags,severity_harmful,severity_benign
bedrock-apply-grounding,v1-f6-grounding,193cf3fcf1968b20,60648b17b965,28,0,0,28,exclude,0.6785714285714286,0.782051282051282,0.46153846153846156,0.13333333333333333,,,
bedrock-apply-grounding,v1-f6-grounding,193cf3fcf1968b20,73edc279f9d1,30,0,0,30,exclude,0.5666666666666667,0.62,0.26666666666666666,0.13333333333333333,,,
bedrock-apply-grounding,v1-f6-grounding,193cf3fcf1968b20,adba348dd575,30,30,0,0,exclude,,,,,,,
bedrock-apply-grounding,v1-f6-grounding,193cf3fcf1968b20,b5e10450269a,30,0,30,0,exclude,,,,,,,
jev-1.13.0,v1-f6-grounding,c3a712a015a0cf16,60648b17b965,28,0,0,28,exclude,0.8571428571428571,0.8615384615384616,0.8461538461538461,0.13333333333333333,,,
jev-1.13.0,v1-f6-grounding,c3a712a015a0cf16,73edc279f9d1,30,0,0,30,exclude,0.7666666666666667,0.8711111111111111,0.6666666666666666,0.13333333333333333,,,
jev-1.13.0,v1-f6-grounding,c3a712a015a0cf16,adba348dd575,30,0,0,30,exclude,0.8666666666666667,0.8777777777777778,0.8666666666666667,0.13333333333333333,,,
jev-1.13.0,v1-f6-grounding,c3a712a015a0cf16,b5e10450269a,30,0,0,30,exclude,0.4666666666666667,0.4888888888888889,0.8666666666666667,0.9333333333333333,,,
kev-0-8b,v1-f6-grounding,ad8cb87b1eecf925,60648b17b965,28,0,0,28,exclude,0.5,0.6153846153846154,0.0,0.06666666666666667,,,
kev-0-8b,v1-f6-grounding,ad8cb87b1eecf925,73edc279f9d1,30,0,0,30,exclude,0.5,0.6111111111111112,0.13333333333333333,0.13333333333333333,,,
kev-4b,v1-f6-grounding,d5b9aae3ff38197d,60648b17b965,28,0,0,28,exclude,0.5357142857142857,0.32564102564102565,0.0,0.0,,,
kev-4b,v1-f6-grounding,d5b9aae3ff38197d,73edc279f9d1,30,0,0,30,exclude,0.5333333333333333,0.7088888888888889,0.06666666666666667,0.0,,,
kev-9b,v1-f6-grounding,6d5b89a51d1b459b,60648b17b965,28,0,0,28,exclude,0.5357142857142857,0.5641025641025641,0.0,0.0,,,
kev-9b,v1-f6-grounding,6d5b89a51d1b459b,73edc279f9d1,30,0,0,30,exclude,0.5333333333333333,0.6377777777777778,0.06666666666666667,0.0,,,
laya,v1-f6-grounding,ac084ca3716a5a98,1b621f09aa00,28,0,0,28,exclude,0.5714285714285714,0.4794871794871795,0.38461538461538464,0.26666666666666666,,,
laya,v1-f6-grounding,ac084ca3716a5a98,73edc279f9d1,30,0,0,30,exclude,0.5,0.4533333333333333,0.4,0.4,,,
open-jev-2b,v1-f6-grounding,16826e8f899943d5,60648b17b965,28,0,0,28,exclude,0.5357142857142857,0.6256410256410256,0.0,0.0,,,
open-jev-2b,v1-f6-grounding,16826e8f899943d5,73edc279f9d1,30,0,0,30,exclude,0.5333333333333333,0.7066666666666667,0.06666666666666667,0.0,,,
